"Plan","Gender"
"Standard","Female"
"Standard with Ads","Female"
"Standard","Male"
"Premium","Male"
"Standard","Male"
"Standard","Female"
"Standard with Ads","Female"
"Standard with Ads","Female"
"Standard with Ads","Female"
"Premium","Female"
"Standard with Ads","Female"
"Premium","Female"
"Premium","Male"
"Premium","Male"
"Premium","Male"
"Standard","Male"
"Standard","Male"
"Standard with Ads","Female"
"Premium","Male"
"Standard","Female"
"Standard with Ads","Female"
"Standard","Male"
"Standard","Male"
"Standard","Female"
"Standard","Male"
"Standard","Male"
"Premium","Male"
"Premium","Male"
"Standard","Female"
"Standard with Ads","Female"
"Standard","Male"
"Standard with Ads","Female"
"Standard with Ads","Male"
"Premium","Female"
"Standard","Male"
"Standard","Male"
"Standard","Male"
"Premium","Male"
"Premium","Male"
"Standard","Male"
"Standard with Ads","Female"
"Standard with Ads","Female"
"Standard","Female"
"Standard","Female"
"Standard","Female"
"Standard with Ads","Female"
"Premium","Male"
"Standard","Male"
"Standard with Ads","Female"
"Premium","Male"
"Standard","Male"
"Premium","Male"
"Standard with Ads","Female"
"Standard","Female"
"Standard with Ads","Female"
"Premium","Male"
"Standard","Male"
"Premium","Male"
"Standard","Female"
"Standard with Ads","Female"
"Standard with Ads","Female"
"Standard with Ads","Female"
"Standard with Ads","Female"
"Premium","Male"
"Standard","Female"
"Standard","Female"
"Standard","Male"
"Standard with Ads","Female"
"Premium","Male"
"Standard","Male"
"Standard","Male"
"Standard","Male"
"Standard","Female"
"Standard with Ads","Female"
"Standard","Female"
"Standard","Female"
"Standard with Ads","Female"
"Standard","Female"
"Standard","Female"
"Premium","Male"
"Standard with Ads","Female"
"Premium","Male"
"Premium","Male"
"Premium","Male"
"Standard","Female"
"Premium","Male"
"Premium","Male"
"Standard","Female"
"Standard","Male"
"Standard","Male"
"Premium","Male"
"Standard","Male"
"Standard","Male"
"Premium","Male"
"Standard","Male"
"Premium","Male"
"Standard","Female"
"Standard with Ads","Female"
"Standard","Male"
"Standard","Male"
"Standard","Female"
"Standard with Ads","Female"
"Standard","Female"
"Standard with Ads","Female"
"Standard","Male"
"Standard","Male"
"Standard","Male"
"Standard with Ads","Male"
"Standard","Male"
"Standard with Ads","Female"
"Standard","Male"
"Standard","Female"
"Standard with Ads","Female"
"Premium","Male"
"Premium","Male"
"Premium","Male"
"Premium","Male"
"Standard","Male"
"Premium","Male"
"Standard","Male"
"Standard","Female"
"Standard with Ads","Female"
"Standard","Female"
"Standard with Ads","Male"
"Standard","Female"
"Standard","Male"
"Standard","Male"
"Standard with Ads","Female"
"Standard","Female"
"Standard","Female"
"Standard with Ads","Male"
"Standard with Ads","Female"
"Premium","Male"
"Standard","Male"
"Standard","Female"
"Premium","Male"
"Standard","Female"
"Standard","Male"
"Standard","Female"
"Standard","Male"
"Standard with Ads","Female"
"Standard","Female"
"Premium","Female"
"Standard with Ads","Female"
"Standard with Ads","Female"
"Standard","Male"
"Standard","Male"
"Premium","Male"
"Standard with Ads","Female"
"Standard with Ads","Male"
"Premium","Male"
"Standard","Male"
"Standard","Female"
"Standard","Female"
"Standard with Ads","Female"
"Standard with Ads","Male"
"Premium","Female"
"Premium","Male"
"Premium","Male"
"Premium","Male"
"Premium","Female"
"Premium","Male"
"Standard with Ads","Female"
"Standard","Male"
"Premium","Male"
"Standard with Ads","Female"
"Premium","Male"
"Standard with Ads","Female"
"Standard","Male"
"Standard","Male"
"Premium","Male"
"Standard","Male"
"Standard with Ads","Female"
"Standard with Ads","Female"
"Premium","Male"
"Premium","Female"
"Standard with Ads","Male"
"Premium","Male"
"Standard with Ads","Female"
"Premium","Male"
"Premium","Female"
"Premium","Male"
"Standard with Ads","Female"
"Standard","Female"
"Standard","Male"
"Standard","Male"
"Premium","Male"
"Premium","Male"
"Standard with Ads","Female"
"Standard with Ads","Female"
"Standard with Ads","Female"
"Standard with Ads","Female"
"Premium","Male"
"Standard","Female"
"Premium","Male"
"Standard with Ads","Female"
"Standard","Male"
"Standard","Male"
"Standard","Female"
"Standard","Male"
"Standard","Male"
"Standard","Male"
"Premium","Male"
"Standard","Female"
"Standard","Female"
"Premium","Female"
"Standard","Male"
"Standard","Male"
"Standard with Ads","Female"
"Standard with Ads","Female"
"Standard","Male"
"Standard with Ads","Female"
"Standard with Ads","Female"
"Standard","Male"
"Standard with Ads","Female"
"Standard with Ads","Female"
"Standard with Ads","Female"
"Standard with Ads","Female"
"Premium","Male"
"Standard with Ads","Female"
"Standard","Female"
"Standard","Male"
"Standard with Ads","Female"
"Standard","Female"
"Standard","Female"
"Premium","Female"
"Standard with Ads","Male"
"Standard with Ads","Female"
"Premium","Male"
"Standard","Female"
"Standard","Male"
"Standard","Female"
"Standard","Male"
"Standard","Male"
"Standard with Ads","Male"
"Standard","Male"
"Standard","Female"
"Standard","Male"
"Standard","Female"
"Standard","Female"
"Standard with Ads","Female"
"Standard","Female"
"Standard","Female"
"Premium","Male"
"Standard","Male"
"Premium","Male"
"Standard with Ads","Male"
"Premium","Male"
"Premium","Male"
"Premium","Female"
"Standard with Ads","Female"
"Premium","Female"
"Premium","Male"
"Standard","Male"
"Standard with Ads","Female"
"Standard","Female"
"Standard","Male"
"Premium","Female"
"Premium","Male"
"Standard","Female"
"Standard","Female"
"Premium","Male"
"Premium","Male"
"Standard with Ads","Female"
"Premium","Female"
"Standard","Male"
"Standard","Female"
"Standard","Male"
"Premium","Female"
"Standard with Ads","Female"
"Standard with Ads","Female"
"Standard","Male"
"Standard with Ads","Female"
"Standard with Ads","Female"
"Standard with Ads","Female"
"Standard","Female"
"Standard with Ads","Female"
"Premium","Female"
"Standard with Ads","Female"
"Premium","Male"
"Standard with Ads","Female"
"Premium","Male"
"Standard","Female"
"Premium","Male"
"Premium","Male"
"Standard","Female"
"Premium","Male"
"Standard","Female"
"Standard with Ads","Female"
"Standard","Female"
"Premium","Male"
"Premium","Male"
"Standard","Male"
"Standard","Male"
"Standard with Ads","Female"
"Standard","Male"
"Standard","Male"
"Premium","Female"
"Standard","Female"
"Standard","Male"
