ZCTA5CE20,AFFGEOID20,GEOID20,NAME20,LSAD20,ALAND20,AWATER20,LocationID,no_leisure_pa,mental_distress
01585,860Z200US01585,01585,01585,Z5,72714272,1669625,01585,24.7,16.1
01741,860Z200US01741,01741,01741,Z5,39560501,646536,01741,12.5,10.7
01033,860Z200US01033,01033,01033,Z5,72025733,666977,01033,18.8,15.7
01570,860Z200US01570,01570,01570,Z5,32005106,5800271,01570,25,17.1
01608,860Z200US01608,01608,01608,Z5,1247109,0,01608,30,22.5
02717,860Z200US02717,02717,02717,Z5,57447081,2060683,02717,21.5,15.8
02762,860Z200US02762,02762,02762,Z5,28458092,1350452,02762,19,15.8
01506,860Z200US01506,01506,01506,Z5,40215007,2736395,01506,23.7,16.2
02646,860Z200US02646,02646,02646,Z5,7520248,609368,02646,19.9,12
02141,860Z200US02141,02141,02141,Z5,1576706,26516,02141,14.5,15.8
02351,860Z200US02351,02351,02351,Z5,25806384,594786,02351,19.7,16.6
02726,860Z200US02726,02726,02726,Z5,14313468,3516583,02726,22.1,15.6
02025,860Z200US02025,02025,02025,Z5,25315437,2745298,02025,14.5,12.4
01720,860Z200US01720,01720,01720,Z5,50820885,1103758,01720,14.3,11.9
01056,860Z200US01056,01056,01056,Z5,70436242,2958247,01056,25.6,17.3
01740,860Z200US01740,01740,01740,Z5,51659942,345877,01740,14.2,12.6
01003,860Z200US01003,01003,01003,Z5,2082670,14001,01003,12.4,26.2
02350,860Z200US02350,02350,02350,Z5,295044,432,02350,15.6,17.2
01960,860Z200US01960,01960,01960,Z5,41479554,1408149,01960,20.6,15.4
02129,860Z200US02129,02129,02129,Z5,3505951,1257516,02129,16.6,15.4
01564,860Z200US01564,01564,01564,Z5,79295016,2752995,01564,16,13.1
01375,860Z200US01375,01375,01375,Z5,36466974,1336526,01375,18.6,17.5
02462,860Z200US02462,02462,02462,Z5,1808867,61280,02462,16.6,11.1
01022,860Z200US01022,01022,01022,Z5,12468872,2118,01022,29.1,17.5
01063,860Z200US01063,01063,01063,Z5,228872,0,01063,14.2,29.6
02744,860Z200US02744,02744,02744,Z5,3369419,1345734,02744,34,22.2
02357,860Z200US02357,02357,02357,Z5,1005514,52827,02357,11.4,23
01107,860Z200US01107,01107,01107,Z5,3994637,334988,01107,47,23.5
01128,860Z200US01128,01128,01128,Z5,2872228,1287,01128,25.3,16.9
01520,860Z200US01520,01520,01520,Z5,48755863,1804951,01520,18.8,14.5
02370,860Z200US02370,02370,02370,Z5,25974455,238552,02370,20.7,17
02366,860Z200US02366,02366,02366,Z5,115964,0,02366,17,16.7
01036,860Z200US01036,01036,01036,Z5,50791584,77618,01036,23.1,16.2
01066,860Z200US01066,01066,01066,Z5,3267653,12961,01066,21.6,17.5
01068,860Z200US01068,01068,01068,Z5,56254821,1033076,01068,23.1,16.9
01094,860Z200US01094,01094,01094,Z5,1863981,172820,01094,30.8,15.8
01225,860Z200US01225,01225,01225,Z5,69442567,1833959,01225,23.1,16.2
01235,860Z200US01235,01235,01235,Z5,120852203,2775814,01235,25.5,17.2
01260,860Z200US01260,01260,01260,Z5,6700593,50070,01260,19.3,14.3
01347,860Z200US01347,01347,01347,Z5,925273,216951,01347,20.3,16.7
01366,860Z200US01366,01366,01366,Z5,95665864,1430310,01366,21.9,14.8
01438,860Z200US01438,01438,01438,Z5,841004,48433,01438,23.3,16.4
01525,860Z200US01525,01525,01525,Z5,32991,0,01525,15.9,14.7
01535,860Z200US01535,01535,01535,Z5,55085933,1756793,01535,23.8,17
01543,860Z200US01543,01543,01543,Z5,90974490,2946993,01543,19.1,15.8
01611,860Z200US01611,01611,01611,Z5,8850593,647541,01611,22.7,17.8
01719,860Z200US01719,01719,01719,Z5,26637362,317226,01719,13.2,11.3
01745,860Z200US01745,01745,01745,Z5,1009855,3023,01745,13.7,12.2
01834,860Z200US01834,01834,01834,Z5,22999252,1338979,01834,17.7,15.1
01937,860Z200US01937,01937,01937,Z5,189212,0,01937,22.1,14.7
01985,860Z200US01985,01985,01985,Z5,34828194,3308004,01985,16.7,14.2
02071,860Z200US02071,02071,02071,Z5,2491313,32220,02071,17.3,16.6
02142,860Z200US02142,02142,02142,Z5,812488,369817,02142,13.7,14.9
02343,860Z200US02343,02343,02343,Z5,18157031,279916,02343,20.1,15.8
02493,860Z200US02493,02493,02493,Z5,43564010,1327039,02493,13.3,12
02562,860Z200US02562,02562,02562,Z5,8744445,246880,02562,17,13.1
02637,860Z200US02637,02637,02637,Z5,1999717,77928,02637,17.4,12.3
02763,860Z200US02763,02763,02763,Z5,2323201,20046,02763,18.5,14.1
02791,860Z200US02791,02791,02791,Z5,3374086,3099721,02791,20.2,11.6
02338,860Z200US02338,02338,02338,Z5,41372342,3659389,02338,19.6,15.5
01040,860Z200US01040,01040,01040,Z5,54816657,4226508,01040,36.2,20
01864,860Z200US01864,01864,01864,Z5,34075952,859059,01864,13.7,13.4
01852,860Z200US01852,01852,01852,Z5,12879516,587990,01852,23.2,17.7
01229,860Z200US01229,01229,01229,Z5,6430276,173296,01229,22.1,14
01984,860Z200US01984,01984,01984,Z5,19836197,1249348,01984,16.2,17.8
01350,860Z200US01350,01350,01350,Z5,27679919,112370,01350,20.3,15.6
01718,860Z200US01718,01718,01718,Z5,357026,10651,01718,13.9,12.2
02561,860Z200US02561,02561,02561,Z5,2147291,0,02561,16.3,14.3
02047,860Z200US02047,02047,02047,Z5,1493808,0,02047,15.3,11.9
02672,860Z200US02672,02672,02672,Z5,1279040,52591,02672,24.2,16.4
02301,860Z200US02301,02301,02301,Z5,32237119,422574,02301,27.3,20.5
02180,860Z200US02180,02180,02180,Z5,15482982,1632658,02180,16.8,14.3
01748,860Z200US01748,01748,01748,Z5,67922993,4220310,01748,13.6,12.7
01756,860Z200US01756,01756,01756,Z5,46030048,553210,01756,19.9,15.8
01053,860Z200US01053,01053,01053,Z5,14893903,229058,01053,17.7,12.2
01452,860Z200US01452,01452,01452,Z5,106330883,2404684,01452,21,16.4
02457,860Z200US02457,02457,02457,Z5,524505,0,02457,10.6,19.6
01430,860Z200US01430,01430,01430,Z5,95158593,6040697,01430,21.7,16.6
02190,860Z200US02190,02190,02190,Z5,18119180,1374552,02190,18.3,15.3
01949,860Z200US01949,01949,01949,Z5,34827934,2696702,01949,19.3,14.8
02148,860Z200US02148,02148,02148,Z5,13069031,99282,02148,20.9,16.1
01529,860Z200US01529,01529,01529,Z5,12592203,143333,01529,23.6,18.5
02062,860Z200US02062,02062,02062,Z5,27322212,446602,02062,19,14.7
01843,860Z200US01843,01843,01843,Z5,8739521,637408,01843,30.3,18.4
01201,860Z200US01201,01201,01201,Z5,156363181,7028343,01201,24,17
01355,860Z200US01355,01355,01355,Z5,123023383,36292773,01355,18.7,14.7
02356,860Z200US02356,02356,02356,Z5,35241721,748117,02356,19.8,14.9
01106,860Z200US01106,01106,01106,Z5,24826538,1451238,01106,18.9,13.9
01108,860Z200US01108,01108,01108,Z5,8912392,264344,01108,34.3,20.4
02152,860Z200US02152,02152,02152,Z5,4292260,3151089,02152,20,15.4
01475,860Z200US01475,01475,01475,Z5,110775490,2722619,01475,24.6,18.5
02537,860Z200US02537,02537,02537,Z5,35537876,891854,02537,16.4,13.3
02043,860Z200US02043,02043,02043,Z5,57444973,2154820,02043,15.1,12.2
02124,860Z200US02124,02124,02124,Z5,7686578,192764,02124,27.8,18.8
01876,860Z200US01876,01876,01876,Z5,53952841,1118220,01876,17.4,14.6
02132,860Z200US02132,02132,02132,Z5,12597621,249019,02132,16.6,13.2
01701,860Z200US01701,01701,01701,Z5,43741623,1611795,01701,15.5,13.3
01603,860Z200US01603,01603,01603,Z5,11732267,332402,01603,30.2,19.2
02481,860Z200US02481,02481,02481,Z5,15772055,732552,02481,14.7,14.1
01536,860Z200US01536,01536,01536,Z5,22174300,767238,01536,20.2,15.5
01420,860Z200US01420,01420,01420,Z5,77850259,1793220,01420,27.8,19.1
01450,860Z200US01450,01450,01450,Z5,84871359,2608214,01450,13.5,13
01970,860Z200US01970,01970,01970,Z5,21347873,24157023,01970,19.7,16.8
02557,860Z200US02557,02557,02557,Z5,8391732,10309248,02557,19.8,14.2
01026,860Z200US01026,01026,01026,Z5,72654747,529601,01026,21.4,15.5
02445,860Z200US02445,02445,02445,Z5,6762759,139681,02445,13.8,12.6
01236,860Z200US01236,01236,01236,Z5,17135580,170364,01236,18.1,13.9
01337,860Z200US01337,01337,01337,Z5,96844938,158781,01337,21.2,15.9
02325,860Z200US02325,02325,02325,Z5,789349,1294,02325,27.9,38.8
01223,860Z200US01223,01223,01223,Z5,180116091,5024481,01223,22.2,15.3
02199,860Z200US02199,02199,02199,Z5,148321,0,02199,16.6,13.8
01050,860Z200US01050,01050,01050,Z5,107144430,2583945,01050,23,17.4
01523,860Z200US01523,01523,01523,Z5,71046545,1370217,01523,18.7,14.6
01073,860Z200US01073,01073,01073,Z5,72918526,2082889,01073,20,16.1
01262,860Z200US01262,01262,01262,Z5,51163319,2257637,01262,23,13.3
01747,860Z200US01747,01747,01747,Z5,13403684,442867,01747,18.7,14.8
01096,860Z200US01096,01096,01096,Z5,92937599,842508,01096,20.1,15.7
01905,860Z200US01905,01905,01905,Z5,7899658,1146185,01905,26.3,17.8
02324,860Z200US02324,02324,02324,Z5,69886120,2900606,02324,19.6,16.1
01089,860Z200US01089,01089,01089,Z5,43331574,2086320,01089,26.7,17.8
01027,860Z200US01027,01027,01027,Z5,105117136,1207848,01027,21.2,16.8
02702,860Z200US02702,02702,02702,Z5,43519568,2930989,02702,19.2,15.4
01566,860Z200US01566,01566,01566,Z5,64727988,2567930,01566,19.6,14.6
01702,860Z200US01702,01702,01702,Z5,21266303,2172804,01702,21.9,18.7
02460,860Z200US02460,02460,02460,Z5,3490994,23572,02460,13.7,12
01810,860Z200US01810,01810,01810,Z5,79050120,3442277,01810,15.3,13
02446,860Z200US02446,02446,02446,Z5,3326265,12178,02446,14.7,14.1
02703,860Z200US02703,02703,02703,Z5,69315047,2572080,02703,23.5,16.7
02302,860Z200US02302,02302,02302,Z5,23003344,53235,02302,26.4,19.7
01093,860Z200US01093,01093,01093,Z5,11172806,15740,01093,18.9,15.7
02539,860Z200US02539,02539,02539,Z5,69445842,53089125,02539,22.7,16.9
02032,860Z200US02032,02032,02032,Z5,6056006,156977,02032,15.2,12.9
01521,860Z200US01521,01521,01521,Z5,31810569,1990947,01521,23.2,17.4
01035,860Z200US01035,01035,01035,Z5,59786660,3959620,01035,16.4,14.3
02718,860Z200US02718,02718,02718,Z5,26647485,852465,02718,28,20.4
01851,860Z200US01851,01851,01851,Z5,8362293,290032,01851,25.4,16.6
02639,860Z200US02639,02639,02639,Z5,7243252,671481,02639,21.8,15
02664,860Z200US02664,02664,02664,Z5,18090074,2264163,02664,22.7,14.4
01752,860Z200US01752,01752,01752,Z5,54026863,3203986,01752,19.6,16.6
02072,860Z200US02072,02072,02072,Z5,41662669,969179,02072,22,16.1
01854,860Z200US01854,01854,01854,Z5,10257175,1177249,01854,23.4,19.4
01434,860Z200US01434,01434,01434,Z5,16865360,358223,01434,19.1,14
02467,860Z200US02467,02467,02467,Z5,12705527,476664,02467,13.6,15.2
02050,860Z200US02050,02050,02050,Z5,74488964,8837422,02050,17.6,14.7
02130,860Z200US02130,02130,02130,Z5,9169529,322138,02130,17.7,15.4
01440,860Z200US01440,01440,01440,Z5,63474669,3252347,01440,27.3,18.5
02452,860Z200US02452,02452,02452,Z5,9876411,87629,02452,17.8,17.7
02163,860Z200US02163,02163,02163,Z5,475171,0,02163,14.6,17.7
01913,860Z200US01913,01913,01913,Z5,31836415,3729019,01913,18.8,16.2
01901,860Z200US01901,01901,01901,Z5,702544,68752,01901,37.1,19.7
01360,860Z200US01360,01360,01360,Z5,88863583,2812853,01360,19.9,15.1
02056,860Z200US02056,02056,02056,Z5,38584896,1292531,02056,13.7,12.6
02764,860Z200US02764,02764,02764,Z5,28230398,271073,02764,21.3,17
02652,860Z200US02652,02652,02652,Z5,21759212,7336306,02652,21.1,12.6
01542,860Z200US01542,01542,01542,Z5,10911676,423530,01542,23.5,16.1
02472,860Z200US02472,02472,02472,Z5,10438170,332978,02472,15.5,14.2
02461,860Z200US02461,02461,02461,Z5,3976047,45954,02461,12.5,10.6
02667,860Z200US02667,02667,02667,Z5,43842781,12938340,02667,18.5,12.4
01453,860Z200US01453,01453,01453,Z5,68269233,1190779,01453,24.7,17.3
02724,860Z200US02724,02724,02724,Z5,4664630,1211542,02724,34.1,22.3
01742,860Z200US01742,01742,01742,Z5,62482814,3366086,01742,13.4,11.2
02215,860Z200US02215,02215,02215,Z5,2290323,334746,02215,19.1,23.3
02747,860Z200US02747,02747,02747,Z5,106196771,3918469,02747,21.7,18.4
01902,860Z200US01902,01902,01902,Z5,6137720,355962,01902,30.4,19.2
01060,860Z200US01060,01060,01060,Z5,28147405,3248228,01060,17.4,15.5
02139,860Z200US02139,02139,02139,Z5,4019199,531494,02139,14.3,16.2
01907,860Z200US01907,01907,01907,Z5,7829328,1473056,01907,16.6,13.6
01226,860Z200US01226,01226,01226,Z5,56356197,256362,01226,21.7,16.1
01095,860Z200US01095,01095,01095,Z5,58246826,751983,01095,19.8,14.3
01341,860Z200US01341,01341,01341,Z5,86923693,284891,01341,18.3,13.8
01773,860Z200US01773,01773,01773,Z5,35904391,2003910,01773,15.7,11.5
01560,860Z200US01560,01560,01560,Z5,9225421,261394,01560,17.8,14.1
02663,860Z200US02663,02663,02663,Z5,7398019,5890594,02663,17.6,13.1
02464,860Z200US02464,02464,02464,Z5,1425965,29229,02464,14.9,12.3
02053,860Z200US02053,02053,02053,Z5,29879908,341232,02053,16.8,14.5
01380,860Z200US01380,01380,01380,Z5,16828338,267549,01380,17.9,14.5
02474,860Z200US02474,02474,02474,Z5,7921394,473161,02474,13.6,12.6
01080,860Z200US01080,01080,01080,Z5,4313061,256694,01080,26,19.6
01070,860Z200US01070,01070,01070,Z5,51384243,596478,01070,20,14.1
01772,860Z200US01772,01772,01772,Z5,35261324,3917459,01772,15.9,12.5
01039,860Z200US01039,01039,01039,Z5,42712270,609260,01039,18.9,15.1
02642,860Z200US02642,02642,02642,Z5,36176252,8813470,02642,20.2,12.7
02128,860Z200US02128,02128,02128,Z5,13013996,2887418,02128,25.6,19.1
01351,860Z200US01351,01351,01351,Z5,50744988,1127581,01351,19,16.2
01776,860Z200US01776,01776,01776,Z5,63216192,1237193,01776,12.1,11.4
01607,860Z200US01607,01607,01607,Z5,7838278,137282,01607,27.1,18.7
01844,860Z200US01844,01844,01844,Z5,57235671,2010287,01844,22.2,15.9
02127,860Z200US02127,02127,02127,Z5,5329383,1638885,02127,14.6,16.2
02186,860Z200US02186,02186,02186,Z5,35472529,1251452,02186,16.7,14
02143,860Z200US02143,02143,02143,Z5,4000419,0,02143,12.7,15.3
02360,860Z200US02360,02360,02360,Z5,249631360,36420300,02360,18.9,15.2
02382,860Z200US02382,02382,02382,Z5,17964266,59307,02382,19.2,16.9
02135,860Z200US02135,02135,02135,Z5,6733233,117694,02135,17.4,17.5
01550,860Z200US01550,01550,01550,Z5,52416905,1612700,01550,31.8,19.8
02109,860Z200US02109,02109,02109,Z5,439201,294934,02109,14.1,14.7
02673,860Z200US02673,02673,02673,Z5,24010170,9003982,02673,21.1,15
02571,860Z200US02571,02571,02571,Z5,48437269,21293992,02571,22.9,17
02553,860Z200US02553,02553,02553,Z5,512178,1878048,02553,24.7,14.9
01501,860Z200US01501,01501,01501,Z5,39511908,2408374,01501,20.4,15.2
01921,860Z200US01921,01921,01921,Z5,61109617,2200409,01921,13.1,12.1
02653,860Z200US02653,02653,02653,Z5,31214546,13567799,02653,20.2,11.8
01518,860Z200US01518,01518,01518,Z5,31698827,1929648,01518,18.8,15.5
01545,860Z200US01545,01545,01545,Z5,53749207,2773546,01545,18.8,13.3
01588,860Z200US01588,01588,01588,Z5,20962854,1821306,01588,23.2,17.8
02169,860Z200US02169,02169,02169,Z5,31326951,3719209,02169,20.8,15
02140,860Z200US02140,02140,02140,Z5,3000185,55956,02140,13.4,13.4
01109,860Z200US01109,01109,01109,Z5,14092648,501561,01109,36,22.9
02131,860Z200US02131,02131,02131,Z5,7219980,18985,02131,21.7,15.8
01119,860Z200US01119,01119,01119,Z5,9144298,251455,01119,30.5,20.2
02119,860Z200US02119,02119,02119,Z5,4183288,0,02119,32.6,21.2
01760,860Z200US01760,01760,01760,Z5,38282127,2585716,01760,13.9,12.4
02138,860Z200US02138,02138,02138,Z5,7092066,846332,02138,13.5,16.3
01010,860Z200US01010,01010,01010,Z5,91236290,1421542,01010,19.9,14.8
01966,860Z200US01966,01966,01966,Z5,18098036,4176221,01966,17.5,12.4
02554,860Z200US02554,02554,02554,Z5,103565881,41992858,02554,17,14.2
01258,860Z200US01258,01258,01258,Z5,57628910,390424,01258,21.4,14.2
01072,860Z200US01072,01072,01072,Z5,49451048,653645,01072,16.3,13.9
02468,860Z200US02468,02468,02468,Z5,3978271,45929,02468,11.5,10.4
01469,860Z200US01469,01469,01469,Z5,55982896,587943,01469,19.4,17
01965,860Z200US01965,01965,01965,Z5,2277205,16067,01965,17.9,15.8
01757,860Z200US01757,01757,01757,Z5,39197844,706214,01757,24.1,17.7
01721,860Z200US01721,01721,01721,Z5,31954435,1389649,01721,14.9,13.4
01012,860Z200US01012,01012,01012,Z5,31252640,372019,01012,15.7,13.3
01349,860Z200US01349,01349,01349,Z5,25562209,325579,01349,20,17.2
01930,860Z200US01930,01930,01930,Z5,67852028,13991607,01930,21.2,15.8
01129,860Z200US01129,01129,01129,Z5,8899440,227899,01129,26.5,17
02114,860Z200US02114,02114,02114,Z5,1148431,265592,02114,13.7,15.3
02671,860Z200US02671,02671,02671,Z5,4491710,428304,02671,23.6,14
01069,860Z200US01069,01069,01069,Z5,72670135,836920,01069,26.5,18.4
02134,860Z200US02134,02134,02134,Z5,3196898,248209,02134,15.6,17.8
01013,860Z200US01013,01013,01013,Z5,14659172,1514245,01013,29.8,19.8
02184,860Z200US02184,02184,02184,Z5,35646051,2076791,02184,18.6,13.8
02535,860Z200US02535,02535,02535,Z5,63107703,65886192,02535,18.8,12.5
01537,860Z200US01537,01537,01537,Z5,17638391,295298,01537,19.5,15.7
02121,860Z200US02121,02121,02121,Z5,4883837,27540,02121,34.1,21.3
01007,860Z200US01007,01007,01007,Z5,142111112,6936467,01007,19.1,15.9
02346,860Z200US02346,02346,02346,Z5,178819754,8201809,02346,21.2,16.6
01801,860Z200US01801,01801,01801,Z5,32905476,761146,01801,18,15.4
02420,860Z200US02420,02420,02420,Z5,18227365,124757,02420,14.5,10.4
01749,860Z200US01749,01749,01749,Z5,29855341,874321,01749,17.9,15.4
02564,860Z200US02564,02564,02564,Z5,15718343,3058208,02564,20.7,13.6
01038,860Z200US01038,01038,01038,Z5,23888136,2241180,01038,22.5,16.4
02638,860Z200US02638,02638,02638,Z5,14598332,628545,02638,20.5,11.9
01379,860Z200US01379,01379,01379,Z5,55888081,520084,01379,22.6,14.9
01330,860Z200US01330,01330,01330,Z5,89285520,622786,01330,16.5,12.8
01054,860Z200US01054,01054,01054,Z5,59390376,425598,01054,17.5,13.6
01969,860Z200US01969,01969,01969,Z5,47139607,5571513,01969,16.3,14.5
02540,860Z200US02540,02540,02540,Z5,28502285,4924536,02540,20.9,12.8
02648,860Z200US02648,02648,02648,Z5,25856964,2665942,02648,17.1,14.3
02339,860Z200US02339,02339,02339,Z5,40242021,236963,02339,18.2,15.2
01376,860Z200US01376,01376,01376,Z5,10563996,1131367,01376,22.8,17.8
02341,860Z200US02341,02341,02341,Z5,38604421,1850993,02341,18.7,16
02675,860Z200US02675,02675,02675,Z5,22697369,1674219,02675,18.8,12
01238,860Z200US01238,01238,01238,Z5,71489759,2706425,01238,21.3,14.7
02151,860Z200US02151,02151,02151,Z5,14776695,3305047,02151,26.5,18.1
02048,860Z200US02048,02048,02048,Z5,52069118,822341,02048,17.5,14.8
01602,860Z200US01602,01602,01602,Z5,15096694,631588,01602,22.8,16.9
01230,860Z200US01230,01230,01230,Z5,251172611,4976386,01230,21.9,14.6
02739,860Z200US02739,02739,02739,Z5,44896932,7811255,02739,18.3,13.6
02453,860Z200US02453,02453,02453,Z5,9303072,721278,02453,16.2,15.9
02576,860Z200US02576,02576,02576,Z5,24357200,683430,02576,23.9,16.9
02482,860Z200US02482,02482,02482,Z5,9637341,573876,02482,15.6,11.7
02532,860Z200US02532,02532,02532,Z5,35708392,8348819,02532,20,15.9
02019,860Z200US02019,02019,02019,Z5,47508194,1422667,02019,18.4,15.2
02035,860Z200US02035,02035,02035,Z5,51426194,2574941,02035,17.6,14.4
02368,860Z200US02368,02368,02368,Z5,24147379,1046980,02368,24,16
02476,860Z200US02476,02476,02476,Z5,5398605,413740,02476,14,12
01950,860Z200US01950,01950,01950,Z5,21626955,5967272,01950,14.8,12.4
01029,860Z200US01029,01029,01029,Z5,25823458,5096491,01029,27.3,16.3
01031,860Z200US01031,01031,01031,Z5,17437835,0,01031,24.9,17.5
01032,860Z200US01032,01032,01032,Z5,24991855,713812,01032,20.2,13.8
01034,860Z200US01034,01034,01034,Z5,175466654,4776310,01034,21.3,15.6
01103,860Z200US01103,01103,01103,Z5,1126124,0,01103,42.5,22.5
01079,860Z200US01079,01079,01079,Z5,4163329,50403,01079,27.1,20.5
01083,860Z200US01083,01083,01083,Z5,33041299,156111,01083,24.8,17.2
01084,860Z200US01084,01084,01084,Z5,21578079,392115,01084,17.4,13.1
01088,860Z200US01088,01088,01088,Z5,13607010,143465,01088,21.7,15.1
02631,860Z200US02631,02631,02631,Z5,57484827,6601467,02631,19.5,12.5
01890,860Z200US01890,01890,01890,Z5,15622016,817439,01890,13.7,11.6
01097,860Z200US01097,01097,01097,Z5,4507443,416044,01097,20.6,17.8
01057,860Z200US01057,01057,01057,Z5,115364745,1421370,01057,24.6,17.5
01840,860Z200US01840,01840,01840,Z5,1322161,200773,01840,36.9,19.2
02644,860Z200US02644,02644,02644,Z5,8738929,447047,02644,21.3,17.2
01011,860Z200US01011,01011,01011,Z5,84938967,343003,01011,24.4,17.1
01009,860Z200US01009,01009,01009,Z5,1806483,0,01009,22.8,18.9
01259,860Z200US01259,01259,01259,Z5,59376360,1922160,01259,21.8,13.7
01944,860Z200US01944,01944,01944,Z5,23904339,3206997,01944,12.7,10.9
01515,860Z200US01515,01515,01515,Z5,25547237,1447029,01515,22.6,16.5
01516,860Z200US01516,01516,01516,Z5,94927915,4069108,01516,19,15.8
01522,860Z200US01522,01522,01522,Z5,40623184,1398432,01522,17.6,14.3
01532,860Z200US01532,01532,01532,Z5,47853242,705494,01532,16.7,12.9
01534,860Z200US01534,01534,01534,Z5,24641211,411887,01534,21.9,16.3
01568,860Z200US01568,01568,01568,Z5,54950393,610404,01568,17,14.3
01569,860Z200US01569,01569,01569,Z5,76098695,1453221,01569,19.2,15.4
01571,860Z200US01571,01571,01571,Z5,53955588,2742703,01571,22.7,17.8
01583,860Z200US01583,01583,01583,Z5,32572779,2356117,01583,22.1,15.4
01590,860Z200US01590,01590,01590,Z5,84105119,4002855,01590,17.3,14.4
01604,860Z200US01604,01604,01604,Z5,17180827,428266,01604,27.2,18.5
01605,860Z200US01605,01605,01605,Z5,14643872,341303,01605,30.3,19.1
01609,860Z200US01609,01609,01609,Z5,9670694,56961,01609,26.3,20.6
01612,860Z200US01612,01612,01612,Z5,39529248,1981211,01612,16.2,15
01731,860Z200US01731,01731,01731,Z5,6053081,13757,01731,11.3,15.3
01746,860Z200US01746,01746,01746,Z5,48312679,1035601,01746,13.9,12.9
01778,860Z200US01778,01778,01778,Z5,38930949,2107656,01778,13.1,11.4
01821,860Z200US01821,01821,01821,Z5,42973865,1044539,01821,16.1,14.4
01824,860Z200US01824,01824,01824,Z5,46781002,997373,01824,15,12.9
01832,860Z200US01832,01832,01832,Z5,29413877,1256493,01832,23.8,18
01835,860Z200US01835,01835,01835,Z5,20231094,2228913,01835,18.7,16.6
01367,860Z200US01367,01367,01367,Z5,63640770,1958114,01367,20.6,14.6
01368,860Z200US01368,01368,01368,Z5,114793112,1835155,01368,27.4,17.4
01370,860Z200US01370,01370,01370,Z5,124803349,1471465,01370,20.5,14.7
01378,860Z200US01378,01378,01378,Z5,96733119,807713,01378,21.1,15.1
01879,860Z200US01879,01879,01879,Z5,43411792,3391782,01879,18.2,15.7
01431,860Z200US01431,01431,01431,Z5,61289600,1000254,01431,14.6,14
01432,860Z200US01432,01432,01432,Z5,22065776,1268669,01432,17.8,15.4
01451,860Z200US01451,01451,01451,Z5,54510950,1626301,01451,17.2,12.4
01468,860Z200US01468,01468,01468,Z5,56874587,749508,01468,21.9,16.6
01473,860Z200US01473,01473,01473,Z5,91788664,4700075,01473,20.5,14.9
01474,860Z200US01474,01474,01474,Z5,28722287,78185,01474,18.4,17
01222,860Z200US01222,01222,01222,Z5,11893143,425113,01222,23.6,16.7
01237,860Z200US01237,01237,01237,Z5,127711825,791427,01237,20.4,15.6
01344,860Z200US01344,01344,01344,Z5,35723125,1594159,01344,19.8,16.6
01346,860Z200US01346,01346,01346,Z5,34646508,73616,01346,21.7,16.4
01242,860Z200US01242,01242,01242,Z5,1189984,232,01242,17.5,13.4
01244,860Z200US01244,01244,01244,Z5,14918139,80665,01244,20.6,15.9
01253,860Z200US01253,01253,01253,Z5,54941670,1108018,01253,20.2,13.5
01256,860Z200US01256,01256,01256,Z5,92861024,460057,01256,24.9,17.6
01257,860Z200US01257,01257,01257,Z5,87792482,2106071,01257,21.9,15.4
01264,860Z200US01264,01264,01264,Z5,37654422,93619,01264,22.5,12.7
01267,860Z200US01267,01267,01267,Z5,153603813,383836,01267,18.2,16.7
01270,860Z200US01270,01270,01270,Z5,83527583,251134,01270,20,15.4
01340,860Z200US01340,01340,01340,Z5,134766155,681447,01340,18.6,14.9
02459,860Z200US02459,02459,02459,Z5,13037033,253260,02459,12.8,11.6
02766,860Z200US02766,02766,02766,Z5,72088057,3833390,02766,19.8,17
02767,860Z200US02767,02767,02767,Z5,64105034,786983,02767,22.5,16.4
02770,860Z200US02770,02770,02770,Z5,83803880,6375300,02770,17,14.3
02771,860Z200US02771,02771,02771,Z5,47633738,638668,02771,21.7,16.1
02777,860Z200US02777,02777,02777,Z5,58619914,6720357,02777,22.6,15.9
02779,860Z200US02779,02779,02779,Z5,42767440,2360496,02779,18.8,15.9
02780,860Z200US02780,02780,02780,Z5,85795283,3551403,02780,27.5,19.3
02790,860Z200US02790,02790,02790,Z5,139566533,17602724,02790,23,15.7
01343,860Z200US01343,01343,01343,Z5,29742148,501873,01343,25.6,17.6
01887,860Z200US01887,01887,01887,Z5,43961038,439325,01887,15.6,14.6
01908,860Z200US01908,01908,01908,Z5,2786306,3481257,01908,16.6,12.5
01923,860Z200US01923,01923,01923,Z5,34201343,2346845,01923,16.5,13.8
01940,860Z200US01940,01940,01940,Z5,26099797,1597238,01940,16.9,13.5
01951,860Z200US01951,01951,01951,Z5,37052613,6865110,01951,16.4,13.3
01983,860Z200US01983,01983,01983,Z5,30817077,2337435,01983,16.6,13.5
02026,860Z200US02026,02026,02026,Z5,26600398,1072541,02026,19.3,14.4
02030,860Z200US02030,02030,02030,Z5,39098446,838692,02030,12.7,11
02052,860Z200US02052,02052,02052,Z5,37319871,638170,02052,14,12.5
02054,860Z200US02054,02054,02054,Z5,31164729,598951,02054,18.4,15
02061,860Z200US02061,02061,02061,Z5,54212237,801122,02061,15.1,13.7
02090,860Z200US02090,02090,02090,Z5,28204382,768085,02090,16.5,12.2
02093,860Z200US02093,02093,02093,Z5,56219361,2341255,02093,16.8,13.4
02110,860Z200US02110,02110,02110,Z5,463307,242405,02110,15.7,13
02116,860Z200US02116,02116,02116,Z5,1681930,429920,02116,17.4,15.7
02144,860Z200US02144,02144,02144,Z5,2827965,23159,02144,13.3,16.6
02150,860Z200US02150,02150,02150,Z5,5734757,638655,02150,31.5,19.8
02170,860Z200US02170,02170,02170,Z5,5399981,185829,02170,21.1,13.8
02188,860Z200US02188,02188,02188,Z5,10002025,410633,02188,20.4,15.5
02322,860Z200US02322,02322,02322,Z5,11114827,639905,02322,21.8,15.6
02330,860Z200US02330,02330,02330,Z5,96621980,6262842,02330,22.6,16.7
02333,860Z200US02333,02333,02333,Z5,44530899,784261,02333,19.4,16.7
02367,860Z200US02367,02367,02367,Z5,38023287,1099161,02367,21.8,17.2
02379,860Z200US02379,02379,02379,Z5,39686972,906621,02379,18,15.2
02421,860Z200US02421,02421,02421,Z5,24785521,416287,02421,13.2,9.7
02451,860Z200US02451,02451,02451,Z5,13778855,1825045,02451,16.5,14.3
02465,860Z200US02465,02465,02465,Z5,5571348,698,02465,13.5,12.1
02494,860Z200US02494,02494,02494,Z5,7253072,58389,02494,15.3,11.8
02534,860Z200US02534,02534,02534,Z5,7094494,1502593,02534,19,12.4
02538,860Z200US02538,02538,02538,Z5,16223972,1944915,02538,21.1,18.1
02542,860Z200US02542,02542,02542,Z5,73931322,127974,02542,14.7,18.2
02563,860Z200US02563,02563,02563,Z5,34228075,3081462,02563,17.8,13.4
02575,860Z200US02575,02575,02575,Z5,58918124,10855792,02575,17.6,14.3
02601,860Z200US02601,02601,02601,Z5,22710542,1918828,02601,26.5,19
02645,860Z200US02645,02645,02645,Z5,43837359,4718526,02645,19.6,13.3
02723,860Z200US02723,02723,02723,Z5,4130257,696297,02723,31.8,21.1
02655,860Z200US02655,02655,02655,Z5,16759946,4560355,02655,18.3,12.7
02659,860Z200US02659,02659,02659,Z5,5133617,237118,02659,18.9,12
02720,860Z200US02720,02720,02720,Z5,34142904,9022769,02720,29.2,19.5
02721,860Z200US02721,02721,02721,Z5,10419556,5244485,02721,31.7,21
02740,860Z200US02740,02740,02740,Z5,14885718,2118947,02740,33.3,21.3
02743,860Z200US02743,02743,02743,Z5,46770857,1349648,02743,23.1,16.3
02745,860Z200US02745,02745,02745,Z5,25432488,581802,02745,27.5,19
02760,860Z200US02760,02760,02760,Z5,46512347,1337289,02760,19.4,15.3
02725,860Z200US02725,02725,02725,Z5,6146865,6823497,02725,22.5,15.5
02115,860Z200US02115,02115,02115,Z5,1840706,6888,02115,20.5,23.7
01527,860Z200US01527,01527,01527,Z5,40350787,1851306,01527,20.5,15.6
02120,860Z200US02120,02120,02120,Z5,1603250,0,02120,25.6,23.9
01850,860Z200US01850,01850,01850,Z5,3524698,305903,01850,26.1,19.2
02155,860Z200US02155,02155,02155,Z5,21211732,1456552,02155,16.2,16.1
02136,860Z200US02136,02136,02136,Z5,11909815,273099,02136,24.9,17
01151,860Z200US01151,01151,01151,Z5,6135002,479310,01151,34.5,21.2
01460,860Z200US01460,01460,01460,Z5,42775107,2578113,01460,15.2,13.8
02635,860Z200US02635,02635,02635,Z5,14214911,2809145,02635,19.4,13.3
01071,860Z200US01071,01071,01071,Z5,40656364,651235,01071,22.2,18.1
01830,860Z200US01830,01830,01830,Z5,35918669,3403598,01830,24.2,17.7
02108,860Z200US02108,02108,02108,Z5,709321,14973,02108,14.3,14.7
01240,860Z200US01240,01240,01240,Z5,61935523,1543525,01240,24.3,13.5
02657,860Z200US02657,02657,02657,Z5,25046216,12765872,02657,21,12.6
01938,860Z200US01938,01938,01938,Z5,83150915,16631761,01938,17.9,14.1
02176,860Z200US02176,02176,02176,Z5,12129527,219702,02176,14.7,13.6
01880,860Z200US01880,01880,01880,Z5,19127855,1560573,01880,15,13.9
02118,860Z200US02118,02118,02118,Z5,2817078,4897,02118,24.3,18.1
01915,860Z200US01915,01915,01915,Z5,36800615,3223239,01915,17.8,16.1
01841,860Z200US01841,01841,01841,Z5,7882537,453504,01841,34.9,19.8
02347,860Z200US02347,02347,02347,Z5,76655831,16894927,02347,18,15.1
01860,860Z200US01860,01860,01860,Z5,22011710,1033016,01860,19.6,16.7
01524,860Z200US01524,01524,01524,Z5,41176343,2490237,01524,22.6,17.2
01020,860Z200US01020,01020,01020,Z5,32273636,988428,01020,27.7,18.2
01085,860Z200US01085,01085,01085,Z5,154690428,2940567,01085,24.2,18.4
01510,860Z200US01510,01510,01510,Z5,14640558,4176666,01510,22.5,17.3
01008,860Z200US01008,01008,01008,Z5,158470969,5609414,01008,23.8,16.9
02719,860Z200US02719,02719,02719,Z5,32070891,8666395,02719,23,15.7
02171,860Z200US02171,02171,02171,Z5,6352350,4374006,02171,20.8,13.5
02145,860Z200US02145,02145,02145,Z5,3601873,229489,02145,17.2,17.4
02630,860Z200US02630,02630,02630,Z5,12638020,5237761,02630,16.7,11.3
01364,860Z200US01364,01364,01364,Z5,93229586,2941913,01364,25.7,18.7
01354,860Z200US01354,01354,01354,Z5,35610471,3353036,01354,20.7,15.1
01081,860Z200US01081,01081,01081,Z5,37485117,586926,01081,23.6,17.6
01037,860Z200US01037,01037,01037,Z5,48111810,434215,01037,22.9,15.2
02748,860Z200US02748,02748,02748,Z5,60111971,9058944,02748,23,14.6
02021,860Z200US02021,02021,02021,Z5,48552398,2057649,02021,16.8,13.3
02670,860Z200US02670,02670,02670,Z5,5500890,1637444,02670,19.1,12
01001,860Z200US01001,01001,01001,Z5,29247431,2127894,01001,23.9,16.7
01845,860Z200US01845,01845,01845,Z5,68399834,3709019,01845,16.9,15.3
01504,860Z200US01504,01504,01504,Z5,28778366,825566,01504,19.7,15.9
01945,860Z200US01945,01945,01945,Z5,11473428,12314632,01945,14.8,12.2
01770,860Z200US01770,01770,01770,Z5,40890689,950881,01770,11.3,11.2
01254,860Z200US01254,01254,01254,Z5,37459820,148218,01254,23.4,14.2
01339,860Z200US01339,01339,01339,Z5,151144051,637367,01339,20.1,15.1
01243,860Z200US01243,01243,01243,Z5,37002724,46773,01243,17.8,13.9
01002,860Z200US01002,01002,01002,Z5,137931897,4280973,01002,19.5,18.7
01606,860Z200US01606,01606,01606,Z5,15509978,777294,01606,24.4,17.2
01077,860Z200US01077,01077,01077,Z5,79912788,2151144,01077,20.1,14.9
02466,860Z200US02466,02466,02466,Z5,4111216,208920,02466,14.7,14.6
01922,860Z200US01922,01922,01922,Z5,23481780,717523,01922,17.1,14.1
02113,860Z200US02113,02113,02113,Z5,252065,0,02113,11.4,16.6
02210,860Z200US02210,02210,02210,Z5,2389836,1310036,02210,10.5,13.8
02458,860Z200US02458,02458,02458,Z5,5090903,86768,02458,14.3,12.9
02556,860Z200US02556,02556,02556,Z5,10222407,1170408,02556,17.3,12
01730,860Z200US01730,01730,01730,Z5,32230385,434218,01730,14.2,11.7
01541,860Z200US01541,01541,01541,Z5,91767679,1032232,01541,17.8,13.3
01827,860Z200US01827,01827,01827,Z5,42621742,771479,01827,14.2,13.4
02738,860Z200US02738,02738,02738,Z5,36580513,9511973,02738,18,13.5
02769,860Z200US02769,02769,02769,Z5,121567203,1409688,02769,20.7,15.7
01074,860Z200US01074,01074,01074,Z5,671655,52379,01074,23.6,18.9
01540,860Z200US01540,01540,01540,Z5,49476950,2032053,01540,21.2,16.3
01436,860Z200US01436,01436,01436,Z5,23290538,475653,01436,24,18.1
01030,860Z200US01030,01030,01030,Z5,31155981,495447,01030,22.4,16.4
01754,860Z200US01754,01754,01754,Z5,13459977,402540,01754,15.6,14.2
02332,860Z200US02332,02332,02332,Z5,61385528,35994841,02332,15.5,12.9
01266,860Z200US01266,01266,01266,Z5,52343841,556303,01266,19.2,12.7
02641,860Z200US02641,02641,02641,Z5,4295299,193215,02641,19.1,11.7
01906,860Z200US01906,01906,01906,Z5,29987389,2604727,01906,20.1,16
01373,860Z200US01373,01373,01373,Z5,59737137,1392048,01373,18.3,14.7
01028,860Z200US01028,01028,01028,Z5,33466105,181607,01028,21.7,15.2
01929,860Z200US01929,01929,01929,Z5,36097433,5384240,01929,14.4,12.9
01505,860Z200US01505,01505,01505,Z5,41588110,9556292,01505,18.2,14.6
01062,860Z200US01062,01062,01062,Z5,45199186,416742,01062,20.8,15.4
01886,860Z200US01886,01886,01886,Z5,78324089,2895769,01886,14.1,12.3
01331,860Z200US01331,01331,01331,Z5,140280128,3772555,01331,26,18.1
02149,860Z200US02149,02149,02149,Z5,8855363,636058,02149,25,19.4
02122,860Z200US02122,02122,02122,Z5,4396164,534970,02122,27.4,19.1
02081,860Z200US02081,02081,02081,Z5,45910272,1401774,02081,16.4,13.7
02543,860Z200US02543,02543,02543,Z5,29325480,67999816,02543,16.6,12.6
02359,860Z200US02359,02359,02359,Z5,56431671,4585316,02359,17.2,15.7
01531,860Z200US01531,01531,01531,Z5,53773678,403233,01531,22.8,16.4
02632,860Z200US02632,02632,02632,Z5,19323103,3790658,02632,21.3,15
01503,860Z200US01503,01503,01503,Z5,33598944,521374,01503,24.1,16.5
02111,860Z200US02111,02111,02111,Z5,507653,0,02111,23.1,16.7
02375,860Z200US02375,02375,02375,Z5,35694176,426324,02375,19.6,15.2
02191,860Z200US02191,02191,02191,Z5,4644520,2059455,02191,18.4,14.1
02558,860Z200US02558,02558,02558,Z5,2892355,2748107,02558,23.6,17.2
01519,860Z200US01519,01519,01519,Z5,27660071,269606,01519,18.4,14.6
01342,860Z200US01342,01342,01342,Z5,47687876,2258501,01342,18.3,15.6
02666,860Z200US02666,02666,02666,Z5,32509649,4125156,02666,21.7,12.5
01301,860Z200US01301,01301,01301,Z5,65652497,1397039,01301,23.4,17.6
02125,860Z200US02125,02125,02125,Z5,5614892,798801,02125,25.7,19.8
01255,860Z200US01255,01255,01255,Z5,130851821,2930432,01255,22.5,15.4
01092,860Z200US01092,01092,01092,Z5,17407745,80681,01092,25.1,18.2
01562,860Z200US01562,01562,01562,Z5,85084292,3005405,01562,23.5,16.6
01867,860Z200US01867,01867,01867,Z5,25808718,36722,01867,14,12.8
01826,860Z200US01826,01826,01826,Z5,53831286,1936106,01826,19.6,16.6
02045,860Z200US02045,02045,02045,Z5,6924708,20977296,02045,19.1,14.3
01904,860Z200US01904,01904,01904,Z5,10996730,1301718,01904,22.1,16.5
01507,860Z200US01507,01507,01507,Z5,109242811,4180299,01507,22.3,16.4
02633,860Z200US02633,02633,02633,Z5,22359890,12143129,02633,17.5,10.9
02364,860Z200US02364,02364,02364,Z5,48288124,4766946,02364,18.1,15.2
02492,860Z200US02492,02492,02492,Z5,24619092,1050948,02492,13.8,11.4
02536,860Z200US02536,02536,02536,Z5,70872670,8700646,02536,21.5,15
02559,860Z200US02559,02559,02559,Z5,13810030,3819900,02559,22.4,13.1
02650,860Z200US02650,02650,02650,Z5,3532938,615649,02650,18.9,11
02715,860Z200US02715,02715,02715,Z5,28952867,1225332,02715,20.7,16
01464,860Z200US01464,01464,01464,Z5,39182808,204892,01464,17.3,14.5
01775,860Z200US01775,01775,01775,Z5,44897979,1744679,01775,13.7,12.6
01803,860Z200US01803,01803,01803,Z5,29192609,287026,01803,17,13.3
01833,860Z200US01833,01833,01833,Z5,33214886,746648,01833,14.8,13.9
01247,860Z200US01247,01247,01247,Z5,118920150,1063225,01247,26.4,19.6
01338,860Z200US01338,01338,01338,Z5,3392289,3166,01338,20.6,14.9
02647,860Z200US02647,02647,02647,Z5,1117338,381164,02647,25,15
01098,860Z200US01098,01098,01098,Z5,82583451,358135,01098,23.6,15.6
01863,860Z200US01863,01863,01863,Z5,11538969,839641,01863,16.2,13.9
01224,860Z200US01224,01224,01224,Z5,1205360,82246,01224,18.7,16.5
02568,860Z200US02568,02568,02568,Z5,33277884,11161375,02568,20.4,15.7
02649,860Z200US02649,02649,02649,Z5,60602698,9982589,02649,20.7,14.1
01082,860Z200US01082,01082,01082,Z5,121753206,19759192,01082,26.2,19.2
02478,860Z200US02478,02478,02478,Z5,12031500,183393,02478,13.3,11.9
01982,860Z200US01982,01982,01982,Z5,36782034,1909841,01982,16.5,13.9
01462,860Z200US01462,01462,01462,Z5,68941180,3516270,01462,20.7,15.6
01862,860Z200US01862,01862,01862,Z5,23583704,891947,01862,17,15.3
02066,860Z200US02066,02066,02066,Z5,42726617,9633336,02066,15.6,13
02660,860Z200US02660,02660,02660,Z5,21686920,1432865,02660,22,13.9
01075,860Z200US01075,01075,01075,Z5,45899614,1865126,01075,18.4,17.3
02746,860Z200US02746,02746,02746,Z5,7378880,300651,02746,37.3,23.2
02189,860Z200US02189,02189,02189,Z5,10385719,1305396,02189,19.8,16.3
02067,860Z200US02067,02067,02067,Z5,58754579,2468687,02067,14.3,11
01952,860Z200US01952,01952,01952,Z5,39817066,6241763,01952,17.4,14.3
01245,860Z200US01245,01245,01245,Z5,66996474,1753912,01245,19.3,14.1
01005,860Z200US01005,01005,01005,Z5,111859191,666424,01005,22.7,17.4
01104,860Z200US01104,01104,01104,Z5,13551122,387460,01104,37.4,20.3
01118,860Z200US01118,01118,01118,Z5,9312986,243603,01118,25.8,17.3
02126,860Z200US02126,02126,02126,Z5,4735330,44857,02126,30.2,19.1
01463,860Z200US01463,01463,01463,Z5,58476658,1527529,01463,15.8,14.7
01220,860Z200US01220,01220,01220,Z5,59281213,183353,01220,24.1,17.6
01610,860Z200US01610,01610,01610,Z5,5522924,13856,01610,32.7,23.7
01105,860Z200US01105,01105,01105,Z5,3123274,302887,01105,47,24.7
01581,860Z200US01581,01581,01581,Z5,53369163,2228712,01581,18.5,13
02038,860Z200US02038,02038,02038,Z5,68994700,1009370,02038,16.3,14.5
